{
    "Use Non-ASCII Font": false,
    "Tags": [

    ],
    "Ansi 12 Color": {
        "Green Component": 0.3472506999969482,
        "Blue Component": 0.4747909307479858,
        "Red Component": 0.07493336498737335
    },
    "Ansi 7 Color": {
        "Green Component": 0.9807018041610718,
        "Blue Component": 0.9654980301856995,
        "Red Component": 0.9802604913711548
    },
    "Ansi 8 Color": {
        "Green Component": 0.3565424382686615,
        "Blue Component": 0.3485133349895477,
        "Red Component": 0.3487161993980408
    },
    "Bold Color": {
        "Green Component": 1,
        "Blue Component": 0.9802808165550232,
        "Red Component": 1
    },
    "Ansi 9 Color": {
        "Green Component": 0.5588826537132263,
        "Blue Component": 0.651419997215271,
        "Red Component": 0.8198752999305725
    },
    "Ansi 6 Color": {
        "Green Component": 0.6057248711585999,
        "Blue Component": 0.6773942112922668,
        "Red Component": 0.2213815152645111
    },
    "Ansi 5 Color": {
        "Green Component": 0.4990841746330261,
        "Blue Component": 0.7689430713653564,
        "Red Component": 0.6474913358688354
    },
    "Rows": 25,
    "Default Bookmark": "No",
    "Cursor Guide Color": {
        "Red Component": 0.7021318674087524,
        "Color Space": "sRGB",
        "Blue Component": 1,
        "Alpha Component": 0.25,
        "Green Component": 0.9268307089805603
    },
    "Non-ASCII Anti Aliased": true,
    "Use Bright Bold": true,
    "Ansi 10 Color": {
        "Green Component": 0.4961002767086029,
        "Blue Component": 0.1710053831338882,
        "Red Component": 0.4642525613307953
    },
    "Ambiguous Double Width": false,
    "Jobs to Ignore": [
        "rlogin",
        "ssh",
        "slogin",
        "telnet"
    ],
    "Ansi 15 Color": {
        "Green Component": 0.7109034061431885,
        "Blue Component": 0.6826344132423401,
        "Red Component": 0.6965288519859314
    },
    "Foreground Color": {
        "Green Component": 0.9666507244110107,
        "Blue Component": 0.9264865517616272,
        "Red Component": 0.9703372716903687
    },
    "Working Directory": "\/Users\/arnor",
    "Blinking Cursor": false,
    "Disable Window Resizing": true,
    "Sync Title": false,
    "Prompt Before Closing 2": false,
    "BM Growl": true,
    "Command": "",
    "Description": "Default",
    "Mouse Reporting": true,
    "Screen": -1,
    "Selection Color": {
        "Green Component": 0.3434952795505524,
        "Blue Component": 0.4665979743003845,
        "Red Component": 0.08936609327793121
    },
    "Columns": 80,
    "Idle Code": 0,
    "Ansi 13 Color": {
        "Green Component": 0.2575644254684448,
        "Blue Component": 0.5673971176147461,
        "Red Component": 0.376264899969101
    },
    "Custom Command": "No",
    "ASCII Anti Aliased": true,
    "Non Ascii Font": "Monaco 12",
    "Vertical Spacing": 1,
    "Use Bold Font": true,
    "Option Key Sends": 0,
    "Selected Text Color": {
        "Green Component": 0.9666507244110107,
        "Blue Component": 0.9264865517616272,
        "Red Component": 0.9703372716903687
    },
    "Background Color": {
        "Green Component": 0.1175957471132278,
        "Blue Component": 0.1175977438688278,
        "Red Component": 0.1175992637872696
    },
    "Character Encoding": 4,
    "Ansi 11 Color": {
        "Green Component": 0.3502595126628876,
        "Blue Component": 0.1833186000585556,
        "Red Component": 0.468755841255188
    },
    "Thin Strokes": 3,
    "Use Italic Font": true,
    "Unlimited Scrollback": false,
    "Keyboard Map": {
        "0xf700-0x260000": {
            "Text": "[1;6A",
            "Action": 10
        },
        "0x37-0x40000": {
            "Text": "0x1f",
            "Action": 11
        },
        "0x32-0x40000": {
            "Text": "0x00",
            "Action": 11
        },
        "0xf709-0x20000": {
            "Text": "[17;2~",
            "Action": 10
        },
        "0xf70c-0x20000": {
            "Text": "[20;2~",
            "Action": 10
        },
        "0xf729-0x20000": {
            "Text": "[1;2H",
            "Action": 10
        },
        "0xf72b-0x40000": {
            "Text": "[1;5F",
            "Action": 10
        },
        "0xf705-0x20000": {
            "Text": "[1;2Q",
            "Action": 10
        },
        "0xf703-0x260000": {
            "Text": "[1;6C",
            "Action": 10
        },
        "0xf700-0x220000": {
            "Text": "[1;2A",
            "Action": 10
        },
        "0xf703-0x300000": {
            "Action": 11,
            "Text": "0x1b 0x66"
        },
        "0xf701-0x280000": {
            "Text": "0x1b 0x1b 0x5b 0x42",
            "Action": 11
        },
        "0x38-0x40000": {
            "Text": "0x7f",
            "Action": 11
        },
        "0x33-0x40000": {
            "Text": "0x1b",
            "Action": 11
        },
        "0xf703-0x220000": {
            "Text": "[1;2C",
            "Action": 10
        },
        "0xf701-0x240000": {
            "Text": "[1;5B",
            "Action": 10
        },
        "0xf70d-0x20000": {
            "Text": "[21;2~",
            "Action": 10
        },
        "0xf702-0x260000": {
            "Text": "[1;6D",
            "Action": 10
        },
        "0xf729-0x40000": {
            "Text": "[1;5H",
            "Action": 10
        },
        "0xf702-0x300000": {
            "Action": 11,
            "Text": "0x01"
        },
        "0xf706-0x20000": {
            "Text": "[1;2R",
            "Action": 10
        },
        "0x34-0x40000": {
            "Text": "0x1c",
            "Action": 11
        },
        "0xf700-0x280000": {
            "Text": "0x1b 0x1b 0x5b 0x41",
            "Action": 11
        },
        "0x2d-0x40000": {
            "Text": "0x1f",
            "Action": 11
        },
        "0xf70e-0x20000": {
            "Text": "[23;2~",
            "Action": 10
        },
        "0xf702-0x220000": {
            "Text": "[1;2D",
            "Action": 10
        },
        "0x7f-0x100000": {
            "Action": 11,
            "Text": "0x15"
        },
        "0xf703-0x280000": {
            "Text": "0x1b 0x1b 0x5b 0x43",
            "Action": 11
        },
        "0xf700-0x240000": {
            "Text": "[1;5A",
            "Action": 10
        },
        "0xf707-0x20000": {
            "Text": "[1;2S",
            "Action": 10
        },
        "0xf70a-0x20000": {
            "Text": "[18;2~",
            "Action": 10
        },
        "0x35-0x40000": {
            "Text": "0x1d",
            "Action": 11
        },
        "0xf70f-0x20000": {
            "Text": "[24;2~",
            "Action": 10
        },
        "0xf703-0x240000": {
            "Text": "[1;5C",
            "Action": 10
        },
        "0x7f-0x80000": {
            "Action": 11,
            "Text": "0x1b 0x88"
        },
        "0xf701-0x260000": {
            "Text": "[1;6B",
            "Action": 10
        },
        "0xf702-0x280000": {
            "Action": 11,
            "Text": "0x1b 0x62"
        },
        "0xf72b-0x20000": {
            "Text": "[1;2F",
            "Action": 10
        },
        "0x36-0x40000": {
            "Text": "0x1e",
            "Action": 11
        },
        "0xf708-0x20000": {
            "Text": "[15;2~",
            "Action": 10
        },
        "0xf701-0x220000": {
            "Text": "[1;2B",
            "Action": 10
        },
        "0xf70b-0x20000": {
            "Text": "[19;2~",
            "Action": 10
        },
        "0xf702-0x240000": {
            "Text": "[1;5D",
            "Action": 10
        },
        "0xf704-0x20000": {
            "Text": "[1;2P",
            "Action": 10
        }
    },
    "Window Type": 0,
    "Cursor Type": 0,
    "Background Image Location": "",
    "Blur": false,
    "Badge Color": {
        "Red Component": 1,
        "Color Space": "sRGB",
        "Blue Component": 0,